{"allPass":[[[0.03880206912755966,0.38441468924283984],[0.12809038132429124,6.935152339339257],[2.303686008155346,54.684795637726786]],[[0.04949749857187271,0.3710116508603096],[0.1138667517900467,3.6696604695916175],[1.0230613178014756,39.090276068747045]],[[0.033415387570858004,0.3462607690691948],[0.1401519176363945,3.86716628074646],[1.403849321603775,69.63756682157516]],[[0.03278770118951797,0.3971777907013893],[0.11428931951522828,3.599912669360638],[1.0693547007441522,40.603159491419795]],[[0.05163498073816299,0.44133363008499144],[0.15183602035045624,4.121640341281891],[1.121272728741169,46.91738821804523]],[[0.04133336275815964,0.5666384503245354],[0.10673652946949005,3.5841998088359834],[0.990068500339985,46.787570759058]],[[0.02784410208463669,0.34523518770933154],[0.10581345945596694,3.5926100903749467],[1.0015310880541801,38.75890361011028]],[[0.036779409050941465,0.3300351488590241],[0.10758986979722977,3.7301322597265245],[1.511611489355564,39.4957206299901]],[[0.03392827987670898,0.321218843460083],[0.09758779972791672,3.413889980018139],[0.9289115405082703,35.8939658793807]]],"concat":[[[0.0034912917017936706,0.0035199713706970215],[0.021230790317058563,0.01052309900522232],[0.8068642377853393,0.6744826397299767]],[[0.0018421202898025514,0.0014031600952148437],[0.022461571097373963,0.00924712985754013],[0.7690672406554222,0.6110568997263909]],[[0.002391766309738159,0.0018913206458091737],[0.02674875855445862,0.011429700255393981],[0.7635493203997612,1.3266431492567063]],[[0.001686280071735382,0.0014113128185272218],[0.008373400568962098,0.027064579725265502],[0.7891452896595001,0.6426753976941109]],[[0.0020718517899513244,0.0016820818185806275],[0.009132349491119384,0.02577237129211426],[0.8003288802504539,0.6556477293372154]],[[0.006728289425373077,0.001837989091873169],[0.035975320041179655,0.010703652203083037],[0.9642879432439804,0.6834507992863655]],[[0.0019282293319702148,0.002281018793582916],[0.022867670655250548,0.009805161356925964],[0.8279760310053825,0.7035040813684463]],[[0.002038989961147308,0.0018871599435806275],[0.009723029732704162,0.02768003135919571],[0.7868560090661049,0.6681195303797722]],[[0.00657234936952591,0.002596970796585083],[0.008996910452842712,0.025124199390411377],[0.8482673695683479,0.7923698779940606]]],"mean":[[[0.03153233081102371,0.0676841315627098],[0.19257039934396744,0.8468191599845887],[2.6191529300808907,6.269691310226917]],[[0.034002078771591185,0.07782158941030502],[0.20997761875391008,0.5950486996769905],[2.006102120280266,7.111316620111466]],[[0.07890060037374497,0.13816624999046326],[0.446531640291214,0.7008826306462288],[2.456736380457878,8.772610269188881]],[[0.03295591115951538,0.07476927042007446],[0.2423428091406822,0.6321768996119499],[1.937478418648243,6.150372250974178]],[[0.03369436919689178,0.09621333003044129],[0.18864012956619264,0.5827656194567681],[1.7690968304872512,6.206442050635815]],[[0.03418668061494827,0.07686979919672013],[0.22742999106645584,0.6390815311670304],[1.9885842508077622,6.119426590204239]],[[0.0369026106595993,0.07290673911571503],[0.25961869180202485,0.8596766406297683],[1.8923009914159774,6.353650298714638]],[[0.03237339913845062,0.07066673040390015],[0.22671615898609163,0.636316419839859],[1.7492854982614516,5.580566619932651]],[[0.0381169405579567,0.10098872989416123],[0.22425863832235338,0.6858385103940964],[1.9255318096280098,5.645059039890766]]],"sum":[[[0.018264628648757934,0.0622811296582222],[0.18699090003967286,0.6772230997681618],[1.9612651699781418,7.090857101380825]],[[0.01664818972349167,0.05625850081443787],[0.17744834154844283,0.572890659570694],[2.306094168424606,7.123833530247212]],[[0.027930269837379455,0.06953027814626694],[0.22966997146606447,0.659286632835865],[2.084461269378662,5.81752674818039]],[[0.02065640062093735,0.06276112109422684],[0.19150374978780746,0.8520334583520889],[1.9868201592564583,5.754318589866162]],[[0.01824000895023346,0.05513028860092163],[0.17405552804470062,0.5647184109687805],[1.8380855697393417,5.443028028011322]],[[0.0186544194817543,0.06148930907249451],[0.18608833909034728,0.6180682295560836],[1.9707504004240035,6.142905502021312]],[[0.023774389624595643,0.08220724076032639],[0.2480575504899025,0.5964394721388817],[1.7450885918736458,5.764845769107342]],[[0.01915082037448883,0.05414573013782501],[0.17374784886837005,0.5630527126789093],[1.7907173600792885,5.180082190334797]],[[0.019417440593242644,0.05305856168270111],[0.1805580797791481,0.5618753495812416],[1.7748241004347802,5.411975709795952]]],"union":[[[44.12153778910637,1.1204727807641028],[30.686018939316273,0.6814240604639054],[18.855609289109708,0.8265442296862602]],[[38.96845453023911,0.9481402498483658],[26.079003930687904,0.6367143791913986],[17.042167801856994,0.6333379378914833]],[[36.53839717000723,1.0714512014389037],[28.271838548481465,0.7086077281832694],[20.475930601358414,0.7151677605509758]],[[36.81791328072548,0.9757341408729553],[23.213614951074124,0.6543595027923584],[17.668555981218816,0.587524576485157]],[[49.15188851028681,1.1239722084999084],[28.520314679145812,2.7651715210080146],[42.17797516047955,0.6636231699585915]],[[34.96361022949219,1.1354511305689812],[27.11342114955187,0.6669584599137306],[10.453678250014782,0.748841621875763]],[[34.79092906057835,0.9685629096627235],[19.187601368129254,0.6454282388091087],[10.796542130708694,0.7721811312437058]],[[33.812856489419936,1.0502326411008835],[19.56786837041378,0.7314918205142021],[10.517501980662345,0.562076349556446]],[[33.65160508036613,1.00754950851202],[19.7048695486784,0.6740887302160263],[9.877604039907455,0.605436280965805]]],"zipWith":[[[0.07224210262298585,0.014301550984382629],[0.10323286950588226,0.0895344015955925],[2.2011177206039427,1.9704057306051255]],[[0.040763139128685,0.007220548987388611],[0.07618465006351471,0.062494398653507234],[1.8737205013632774,1.8734086626768112]],[[0.05546668916940689,0.008426670730113984],[0.07442469120025635,0.06660930871963501],[1.765667051076889,1.8509225201606752]],[[0.054810300171375274,0.012705721855163575],[0.12291292786598206,0.07589742869138717],[1.885892779827118,1.7372116982936858]],[[0.04375391036272049,0.009275869727134704],[0.0905600392818451,0.07653750985860824],[1.7911645498871804,1.8199932897090911]],[[0.07111388951539993,0.008722039759159089],[0.09381343245506286,0.084324149787426],[2.2419218081235885,1.9590046605467797]],[[0.0557333505153656,0.009259508848190308],[0.08267493993043899,0.079967240691185],[2.1476119974255563,2.24917927980423]],[[0.04648206770420074,0.006555881202220917],[0.0748841679096222,0.06520620048046112],[1.8457245901226997,1.6928506204485894]],[[0.04654360055923462,0.007573310434818268],[0.07429749995470047,0.06571488976478576],[1.7671727308630942,1.7128506511449815]]]}