{"allPass":[[[0.03880206912755966,0.38441468924283984],[0.12809038132429124,6.935152339339257],[2.303686008155346,54.684795637726786]],[[0.04949749857187271,0.3710116508603096],[0.1138667517900467,3.6696604695916175],[1.0230613178014756,39.090276068747045]],[[0.033415387570858004,0.3462607690691948],[0.1401519176363945,3.86716628074646],[1.403849321603775,69.63756682157516]],[[0.03278770118951797,0.3971777907013893],[0.11428931951522828,3.599912669360638],[1.0693547007441522,40.603159491419795]],[[0.05163498073816299,0.44133363008499144],[0.15183602035045624,4.121640341281891],[1.121272728741169,46.91738821804523]],[[0.04133336275815964,0.5666384503245354],[0.10673652946949005,3.5841998088359834],[0.990068500339985,46.787570759058]],[[0.02784410208463669,0.34523518770933154],[0.10581345945596694,3.5926100903749467],[1.0015310880541801,38.75890361011028]],[[0.036779409050941465,0.3300351488590241],[0.10758986979722977,3.7301322597265245],[1.511611489355564,39.4957206299901]],[[0.03392827987670898,0.321218843460083],[0.09758779972791672,3.413889980018139],[0.9289115405082703,35.8939658793807]],[[0.03342363990843296,0.2585808700323105],[0.10013555072247982,3.014879610389471],[1.0241283798962832,31.6479528003186]],[[0.030752889961004257,0.2589089599251747],[0.08477958038449288,2.625266840234399],[0.8419949602335691,29.673993429765105]],[[0.03199189990758896,0.2566484903544188],[0.10334786027669907,2.7843234098702667],[0.986450449898839,32.87025168031454]],[[0.024556650035083293,0.2493015999160707],[0.07786605998873711,2.111595050059259],[0.8483268601074815,22.178875610064715]]],"concat":[[[0.0034912917017936706,0.0035199713706970215],[0.021230790317058563,0.01052309900522232],[0.8068642377853393,0.6744826397299767]],[[0.0018421202898025514,0.0014031600952148437],[0.022461571097373963,0.00924712985754013],[0.7690672406554222,0.6110568997263909]],[[0.002391766309738159,0.0018913206458091737],[0.02674875855445862,0.011429700255393981],[0.7635493203997612,1.3266431492567063]],[[0.001686280071735382,0.0014113128185272218],[0.008373400568962098,0.027064579725265502],[0.7891452896595001,0.6426753976941109]],[[0.0020718517899513244,0.0016820818185806275],[0.009132349491119384,0.02577237129211426],[0.8003288802504539,0.6556477293372154]],[[0.006728289425373077,0.001837989091873169],[0.035975320041179655,0.010703652203083037],[0.9642879432439804,0.6834507992863655]],[[0.0019282293319702148,0.002281018793582916],[0.022867670655250548,0.009805161356925964],[0.8279760310053825,0.7035040813684463]],[[0.002038989961147308,0.0018871599435806275],[0.009723029732704162,0.02768003135919571],[0.7868560090661049,0.6681195303797722]],[[0.00657234936952591,0.002596970796585083],[0.008996910452842712,0.025124199390411377],[0.8482673695683479,0.7923698779940606]],[[0.001472870111465454,0.0016122997552156448],[0.007195840030908585,0.022240000516176223],[0.6083165895938873,0.5038898305594921]],[[0.0024820699542760847,0.0017721796035766603],[0.022514929845929146,0.010703700259327889],[0.6629094398766756,0.5116682602465152]],[[0.0014810404181480408,0.0014482098817825318],[0.02151791974902153,0.008151800408959388],[0.6153852900117636,0.4976867803186178]],[[0.0015512899681925773,0.0013794900104403497],[0.010321599841117858,0.025842729974538087],[0.49074283009395003,0.42404993986710904]]],"mean":[[[0.03153233081102371,0.0676841315627098],[0.19257039934396744,0.8468191599845887],[2.6191529300808907,6.269691310226917]],[[0.034002078771591185,0.07782158941030502],[0.20997761875391008,0.5950486996769905],[2.006102120280266,7.111316620111466]],[[0.07890060037374497,0.13816624999046326],[0.446531640291214,0.7008826306462288],[2.456736380457878,8.772610269188881]],[[0.03295591115951538,0.07476927042007446],[0.2423428091406822,0.6321768996119499],[1.937478418648243,6.150372250974178]],[[0.03369436919689178,0.09621333003044129],[0.18864012956619264,0.5827656194567681],[1.7690968304872512,6.206442050635815]],[[0.03418668061494827,0.07686979919672013],[0.22742999106645584,0.6390815311670304],[1.9885842508077622,6.119426590204239]],[[0.0369026106595993,0.07290673911571503],[0.25961869180202485,0.8596766406297683],[1.8923009914159774,6.353650298714638]],[[0.03237339913845062,0.07066673040390015],[0.22671615898609163,0.636316419839859],[1.7492854982614516,5.580566619932651]],[[0.0381169405579567,0.10098872989416123],[0.22425863832235338,0.6858385103940964],[1.9255318096280098,5.645059039890766]],[[0.023811310008168222,0.04792214013636112],[0.15744429953396322,0.44205597005784514],[1.5875711804628372,4.506184010282158]],[[0.024123070389032365,0.05181547001004219],[0.16030796997249128,0.4762549202144146],[1.593626590371132,4.930028720349074]],[[0.02417643018066883,0.05161031998693943],[0.15562275037169457,0.44963336020708083],[1.5330316899716854,7.0202301598340275]],[[0.02524669986218214,0.05143865017220378],[0.15549742007628084,0.4265361699461937],[1.4588336198963225,4.293036469966173]]],"sum":[[[0.018264628648757934,0.0622811296582222],[0.18699090003967286,0.6772230997681618],[1.9612651699781418,7.090857101380825]],[[0.01664818972349167,0.05625850081443787],[0.17744834154844283,0.572890659570694],[2.306094168424606,7.123833530247212]],[[0.027930269837379455,0.06953027814626694],[0.22966997146606447,0.659286632835865],[2.084461269378662,5.81752674818039]],[[0.02065640062093735,0.06276112109422684],[0.19150374978780746,0.8520334583520889],[1.9868201592564583,5.754318589866162]],[[0.01824000895023346,0.05513028860092163],[0.17405552804470062,0.5647184109687805],[1.8380855697393417,5.443028028011322]],[[0.0186544194817543,0.06148930907249451],[0.18608833909034728,0.6180682295560836],[1.9707504004240035,6.142905502021312]],[[0.023774389624595643,0.08220724076032639],[0.2480575504899025,0.5964394721388817],[1.7450885918736458,5.764845769107342]],[[0.01915082037448883,0.05414573013782501],[0.17374784886837005,0.5630527126789093],[1.7907173600792885,5.180082190334797]],[[0.019417440593242644,0.05305856168270111],[0.1805580797791481,0.5618753495812416],[1.7748241004347802,5.411975709795952]],[[0.015458480194211007,0.04556727960705757],[0.15207402989268304,0.5193605899810791],[1.536362909898162,4.524001500234008]],[[0.019113879799842835,0.05670164011418819],[0.15787094973027707,0.6188848397135734],[1.6277229500561952,4.7848755396902565]],[[0.023405169844627382,0.053181580305099486],[0.16778275974094867,0.4829667299985886],[1.632383560091257,5.054114900231362]],[[0.02003534000366926,0.044135770183056595],[0.1422034800797701,0.41047630984336136],[1.37603465013206,4.155653710011393]]],